,Deal_title,Success_probability
0,TitleAD16O,41.137135
1,TitleOW6CR,42.775093
2,TitleVVJQ5,43.081978
3,TitleUS8NA,42.441956
4,Title5VGWW,43.84217
5,TitleE2WOK,43.829086
6,Title8CF62,42.648926
7,TitleF8687,41.2633
8,TitleWNTYU,41.2633
9,TitleXK47X,42.775093
10,Title2QCON,41.44402
11,TitleR9W92,42.775093
12,TitleY5USZ,43.081978
13,TitleY4MJP,42.831154
14,Title1W8YF,42.775093
15,Title9HII9,42.441956
16,Title725I7,41.2633
17,TitleTB8A9,42.441956
18,Title9CM6M,42.95581
19,Title2ATAG,42.13507
20,TitleAKV0K,43.965736
21,Title40AN7,43.081978
22,TitleQC654,41.137135
23,TitleDYIL3,41.44402
24,TitleEX1S3,43.770424
25,TitleAMLDL,44.0244
26,TitleQH7E7,41.570187
27,TitleT52E7,42.775093
28,TitleTGRSX,43.953743
29,TitleNL1RF,42.95732
30,TitleXOLYB,41.44402
31,Title6M0R1,41.445526
32,TitleO3EA1,42.95581
33,TitleDOHV2,42.31729
34,TitleBZERW,43.081978
35,TitleGD2UX,43.081978
36,TitleWLHM9,43.717514
37,TitleKCOAN,42.648926
38,TitleZLSEG,41.44402
39,TitleIJCLT,43.64686
40,Title6TO0C,41.445526
41,Title6G0HX,41.2633
42,TitleOI849,41.137135
43,TitleFOU96,43.081978
44,Title1JMW2,41.570187
45,TitleEK2G5,41.31936
46,TitleFCVZZ,42.648926
47,TitleYWT9O,41.44402
48,TitleONFNK,41.44402
49,TitleYBWHO,41.2633
50,Title0ABZU,42.33038
51,TitleRL0H9,41.570187
52,Title7EQFB,43.081978
53,Title4EV1D,42.831154
54,TitleBGKH2,42.831154
55,TitleDTP0Z,41.95175
56,Title11K82,43.84217
57,Title7VF6X,44.149055
58,TitleQU2CO,42.33038
59,Title64YS8,42.775093
60,TitleFIM0Q,42.258636
61,TitleCWEHX,41.44402
62,Title92460,42.31729
63,TitleWJ99Y,43.953743
64,TitleKRL1N,42.95581
65,TitleL3YT1,41.137135
66,Title38LJL,43.081978
67,TitleH6EHH,41.31936
68,Title85MTC,41.570187
69,TitleKHY4R,41.137135
70,TitleVSLNT,43.081978
71,Title87H8W,43.081978
72,TitleF6Y3O,43.081978
73,TitleARV9A,41.44402
74,TitleNOVXO,42.648926
75,TitleB9BV2,43.953743
76,TitleBJ1RG,42.95581
77,TitleCEJAA,42.52427
78,Title6IXFW,43.84217
79,TitleMMMJ8,42.453945
80,TitleS2KHC,42.52427
81,TitleBQCK8,43.953743
82,Title49KAE,42.453945
83,TitleI75WO,41.2633
84,Title89CC9,42.441956
85,TitleQH1LB,43.081978
86,TitleO4EZA,41.2633
87,Title29I32,42.648926
88,TitleQS6HG,41.137135
89,Title3X354,43.953743
90,Title7O1LX,42.637264
91,TitleTL3RY,43.64686
92,TitleGNLFA,41.13864
93,Title2LWRP,41.2633
94,TitleASNW8,41.570187
95,Title17AXX,42.650436
96,Title1ZNU8,42.648926
97,TitleI91SM,41.137135
98,TitleT3O89,41.31936
99,Title7SN4U,43.84217
100,TitleXTN7N,43.081978
101,Title60US8,42.14706
102,TitleHQHV8,41.570187
103,TitleKRERU,43.081978
104,Title2LMSH,43.64686
105,TitleRUNZZ,41.2633
106,TitleNWNCQ,42.95732
107,TitleX4XVX,41.44402
108,TitleZZ8C4,42.650436
109,Title40VOT,42.775093
110,TitleVJE93,41.137135
111,TitleT6IFU,41.137135
112,TitleJTB5C,43.770424
113,TitleP27G5,44.149055
114,Title9MOY9,42.831154
115,TitleL2MIQ,42.133972
116,Title4C0R3,43.081978
117,Title9M68F,41.137135
118,TitleTV4EP,42.648926
119,TitleGRQSE,42.775093
120,Title66KV3,41.570187
121,TitleZGL83,41.570187
122,TitleDXX1I,42.637264
123,TitleJEC3R,41.570187
124,TitleJ86PA,42.648926
125,TitleY63E7,42.95581
126,TitleTIZWH,43.081978
127,Title8Q2VE,41.570187
128,TitleU4TJJ,42.31729
129,Title3DJSM,42.258636
130,TitleQK0GK,42.33038
131,Title1RJEO,41.44402
132,TitleQLAAT,41.137135
133,TitleE5SMZ,42.775093
134,TitleBCI7X,42.95581
135,TitleEJ8QG,42.95581
136,TitleF952N,41.44402
137,TitleTSFVY,43.84217
138,TitleMDHHH,41.012474
139,TitleRHKWU,41.137135
140,Title5FQ2D,42.512604
141,TitleC9DTF,41.137135
142,TitleMNACX,42.648926
143,Title3HAQN,44.149055
144,TitleVZ77S,41.44402
145,Title9XK7J,42.31729
146,TitleXAZ58,41.137135
147,Title5AVS8,41.2633
148,Title2GZ5L,43.65885
149,TitleQVCQO,43.953743
150,TitleQU41K,41.2633
151,TitleMSQ29,42.775093
152,TitleGF3AR,42.31729
153,TitleM1Y03,41.137135
154,TitleO050D,42.648926
155,TitleMY1JL,42.52427
156,TitleHR6TI,42.775093
157,TitleQYD01,42.13507
158,TitleDTQVL,43.65885
159,TitleL0TYU,41.012474
160,TitleCBNHL,41.44402
161,TitleKU2HW,41.012474
162,TitleVLF3R,41.137135
163,Title8ZAVN,41.44402
164,TitleZQS1N,42.648926
165,Title6RJPI,42.33038
166,TitleFITS4,43.953743
167,TitleH7DCS,42.95581
168,TitleW6KGP,42.775093
169,TitleB19A4,41.2633
170,Title3K0H0,43.84217
171,TitleQETZZ,42.637264
172,TitleMMOKL,43.081978
173,TitleVB7TN,42.648926
174,TitleP31A3,43.953743
175,Title84WTP,42.441956
176,Title8O71H,42.95581
177,TitleEOOL3,41.445526
178,TitleSL7PN,43.46354
179,TitleNNMNX,43.84217
180,Title94T7J,42.52427
181,Title5TW58,43.64686
182,TitleFSOQQ,43.84217
183,Title3U0Q9,42.258636
184,Title5TU5S,41.137135
185,TitleZ0JY8,41.137135
186,TitleTXY8Q,41.570187
187,TitleVFIT3,42.775093
188,Title7U9QA,43.84217
189,TitleYQ0XO,42.637264
190,Title7MGIZ,42.775093
191,Title9072O,41.137135
192,TitlePIGTN,41.31936
193,TitleN0MYB,41.44402
194,TitleRIWZ8,42.648926
195,TitleZIGTQ,43.84217
196,TitleTW439,42.329285
197,TitleUIT6V,42.441956
198,TitleR6XH3,43.081978
199,Title58R3H,41.13864
200,TitleDEBAJ,42.33038
201,TitleQZ64P,43.64686
202,TitlePR1PN,43.829086
203,Title482NU,41.44402
204,TitleGZLAP,42.775093
205,TitleS9B92,43.829086
206,TitleY95FX,43.081978
207,TitleFMC0D,41.137135
208,TitleI0INY,43.84217
209,Title0GAJI,43.081978
210,Title6LA9P,44.149055
211,TitleKILVF,42.648926
212,TitleAITZX,42.831154
213,TitleL6A1J,42.648926
214,TitleCYT9J,41.2633
215,TitleDST6L,43.953743
216,Title6BNFS,41.137135
217,TitleXAPT4,42.648926
218,TitleHJ3WF,42.637264
219,TitleNDJ2A,41.570187
220,TitleYYGY8,43.5222
221,TitleCVP13,42.95581
222,TitleL7DS2,41.13864
223,TitleVO0MI,42.648926
224,Title1QLMW,43.64686
225,TitleAFWVU,42.95581
226,TitleMQGXY,42.52427
227,TitlePS05F,43.081978
228,TitleTBPD7,43.84217
229,TitleSC6IH,41.445526
230,TitleWMDY2,41.13864
231,Title8AXHN,41.570187
232,Title8WJ3G,42.648926
233,TitleSYQ3F,42.441956
234,TitleF0S76,43.081978
235,Title23FI5,41.570187
236,TitleYM00H,42.441956
237,TitleV4Q21,41.13864
238,TitleZW3VH,43.46354
239,TitleWTD4L,42.95581
240,TitleHGN2A,41.44402
241,Title5NAK8,43.081978
242,TitleAFWDD,42.52427
243,TitleCVTAZ,41.570187
244,Title6S2L6,43.46354
245,TitleU7VJM,41.570187
246,Title25JJZ,41.570187
247,TitleU2OST,42.31729
248,TitleZK1N8,43.46354
249,TitlePJS42,42.010406
250,TitleT2N5V,43.081978
251,Title2WV7J,42.775093
252,TitleFAB82,42.010406
253,TitleUP3M1,43.953743
254,TitleT2JNN,42.31729
255,TitleCLQNO,42.441956
256,Title9R03I,41.570187
257,Title07QDY,42.775093
258,Title2IVM3,41.570187
259,TitleVP36Q,42.258636
260,TitleK4XJS,42.33038
261,Title4B9AT,42.775093
262,TitleIKWWI,41.445526
263,TitleGIP04,42.52427
264,Title9PWR5,43.081978
265,TitleFPMEZ,42.31729
266,Title2I5M7,43.081978
267,Title9R98H,41.44402
268,Title0NIZP,42.13507
269,TitleWNR0U,42.95581
270,TitleAHKSJ,41.44402
271,TitleJQHWZ,43.953743
272,TitleY63MM,42.31729
273,Title7R26O,42.648926
274,TitleERLRI,43.84108
275,Title9DNDI,42.95581
276,TitleN1GIT,41.445526
277,TitleZHHGX,43.338882
278,TitleILO9W,42.648926
279,TitleV8J6I,42.637264
280,Title6FUHU,43.081978
281,TitleKU88H,41.44402
282,TitleGWFWJ,43.65885
283,TitleQUUJE,42.95581
284,Title1CUT0,42.441956
285,TitleRPEUI,42.52427
286,TitleRWN0X,42.775093
287,Title2TB8F,42.95581
288,TitleJBP95,42.637264
289,Title2EHEM,42.775093
290,TitleJZ4ZZ,41.445526
291,TitleUR93W,41.570187
292,Title2EEYL,42.010406
293,TitleQKKKC,42.13507
294,TitleBV5KY,43.64686
295,TitleYEHWZ,41.137135
296,Title9GWVF,42.775093
297,TitleLF6V7,42.95581
298,TitleGEZF0,41.44402
299,TitleLNVE2,42.95581
300,TitleM0Z66,41.570187
301,Title0Z5ME,42.441956
302,Title72FQJ,43.5222
303,TitleRIG9O,42.648926
304,TitleSNRHC,44.149055
305,TitleZYG49,43.770424
306,TitleL7PNT,42.95581
307,TitleR0QR3,44.149055
308,Title853VR,43.5222
309,TitleAHYGU,41.445526
310,TitleUE5GI,42.52427
311,TitleWQE72,42.95732
312,TitleB3YJF,43.64686
313,TitleP5WMY,41.137135
314,TitleP1ICM,42.650436
315,TitleKK5F9,41.570187
316,TitleMD7B7,41.44402
317,Title6PDLX,43.829086
318,Title7KCK3,41.2633
319,TitleE82ZH,43.965736
320,TitleSOLQY,42.13507
321,TitleCQMFZ,41.570187
322,TitleGMHJJ,42.637264
323,TitleY3CTI,42.648926
324,TitleE0F81,42.650436
325,TitleZFA8I,42.95581
326,TitleULSDL,42.95581
327,Title34CJS,42.95732
328,TitleS9KBI,40.205482
329,Title6CM5T,41.13864
330,TitleLYI3U,43.081978
331,Title38R86,42.637264
332,TitleS82G6,43.081978
333,TitleSYV81,41.2633
334,Title9UUQ3,43.081978
335,TitleHMB3O,42.648926
336,TitleBC20O,42.13507
337,TitleYXY72,42.441956
338,TitleV507Q,41.137135
339,TitleD1JZI,41.137135
340,Title0MNUW,42.95732
341,TitleKSO5Y,42.775093
342,TitleZ5ZLQ,42.95581
343,Title2M7AV,42.13507
344,TitlePQYAC,42.258636
345,TitleN5OC4,41.137135
346,TitleG1V42,42.648926
347,Title4M0M0,42.95581
348,TitleQBMS6,42.775093
349,Title2LAUA,41.44402
350,Title0GLCX,42.95581
351,Title72Y5L,42.453945
352,TitleFCGPO,41.445526
353,TitleOMYPK,42.775093
354,TitleBZMHQ,42.831154
355,Title3MF67,42.13507
356,TitleJLN3N,41.570187
357,Title881YW,42.441956
358,TitleXH1PW,41.44402
359,TitleKUO6X,42.831154
360,TitleRVF5F,41.2633
361,TitleFS6PM,42.95581
362,TitleBLK74,42.31729
363,Title5SA8C,42.13507
364,TitleQRM70,41.570187
365,TitleD8SRX,43.081978
366,Title30J3Q,43.081978
367,TitleHD2QJ,42.95581
368,TitleSEOJC,43.081978
369,TitleFWTDO,42.95581
370,TitleTL45U,42.52427
371,Title3CYSC,42.775093
372,Title777LR,42.95581
373,TitleJKMVS,41.137135
374,Title5SU1I,43.84217
375,Title7OAQB,42.95581
376,Title7JR4T,43.64686
377,TitleOK4D6,41.44402
378,TitleVWZ8U,41.570187
379,Title2BFXG,43.081978
380,TitleQA2XL,42.775093
381,TitleCRJ51,41.44402
382,TitleA1E4X,43.829086
383,TitleKDPSC,41.13864
384,TitleQD7TQ,42.95581
385,TitleTXY5O,42.13507
386,TitleEG6MZ,43.717514
387,TitleS8CK2,42.95732
388,TitleXDTHO,41.137135
389,TitleY3QME,41.445526
390,TitleSV0GA,42.648926
391,TitleXP7EA,41.2633
392,TitleUUFCT,42.648926
393,TitleFJN80,41.570187
394,TitleNY5WX,43.081978
395,TitleRJ1CV,41.31936
396,TitleN40KU,42.650436
397,Title8HF4L,42.648926
398,TitleWTQHE,42.648926
399,TitleJ8X0T,43.953743
400,Title5WYGO,43.64686
401,TitleOX8KK,41.2633
402,TitleZPRX1,42.775093
403,TitleGRFOA,42.650436
404,TitleV587I,42.95581
405,TitleKW46K,41.570187
406,TitleZJ2K4,41.44402
407,TitleEPO7G,42.775093
408,Title4KC4G,41.31936
409,TitleSQ1UX,42.650436
410,TitleXTSXA,41.570187
411,TitleN9D7T,43.64686
412,Title3KSPR,42.95581
413,TitleBSPVW,42.637264
414,TitleIZBD7,41.827087
415,TitleH7U28,42.775093
416,Title1OE44,42.31729
417,TitleVT583,41.570187
418,TitlePLYZ7,41.570187
419,Title5ELG8,43.770424
420,Title6021C,41.570187
421,TitleD6QWR,41.2633
422,Title25DXW,42.95581
423,TitleKQ4GN,42.95581
424,Title212WI,43.953743
425,TitleBLB0L,42.441956
426,Title7D9HI,42.95581
427,TitleEBE82,43.5222
428,TitleV2GHR,42.648926
429,TitleNEB47,41.44402
430,TitleQKO2E,43.081978
431,TitleC1EPZ,41.137135
432,TitleW7GAO,42.95581
433,Title4KKQU,41.445526
434,Title62W3F,42.95732
435,Title5P4GX,41.570187
436,TitleXKYVF,41.137135
437,Title5P66J,43.953743
438,Title1EE9R,43.081978
439,TitleXVCR2,42.33038
440,TitleK44RW,42.648926
441,TitleDWYFP,42.95581
442,Title35K93,43.081978
443,TitleD6C58,42.13507
444,Title37QC6,42.258636
445,TitleEJBN9,41.44402
446,TitleID60J,43.953743
447,Title5ZBJ5,42.33038
448,TitlePCO6B,42.20572
449,TitleM8580,43.953743
450,TitleIAQL1,41.570187
451,TitleWLCXK,41.012474
452,Title5NO46,42.648926
453,TitleAI3PE,41.137135
454,TitlePCQZJ,42.329285
455,TitleHMKTR,41.31936
456,Title68F6W,44.149055
457,Title2SOBE,41.44402
458,Title6QIWC,41.570187
459,TitleWO5WW,44.149055
460,TitleJ6LKX,43.64686
461,TitleEEWU5,41.44402
462,TitleAX85X,41.570187
463,Title443L5,44.149055
464,TitleQC1J3,44.149055
465,TitleNUPCU,43.965736
466,TitleGUX97,41.44402
467,Title5I6VM,42.95581
468,Title728I0,41.570187
469,Title96ZGF,41.44402
470,TitleLU0NA,41.44402
471,TitleEMAGD,44.149055
472,Title9H3O7,42.95732
473,TitleM3CS3,42.258636
474,TitleP597Y,43.84217
475,Title01DZ1,41.44402
476,TitleLNNSR,42.14706
477,TitleHOIHH,41.2633
478,TitleGBS9Q,42.258636
479,Title30FYE,42.13507
480,Title2SUCH,42.775093
481,TitleE9XI2,43.953743
482,TitleDA82X,41.44402
483,TitleYW8HR,42.258636
484,TitleJN6AI,42.441956
485,TitleH2MWB,42.441956
486,TitleYQVSH,41.2633
487,TitleQRZJP,42.650436
488,Title24RUL,41.012474
489,TitleCRE6X,42.637264
490,TitleR43PJ,42.775093
491,TitleP2K1E,42.831154
492,TitleAOBGF,43.953743
493,TitleHBYUY,42.775093
494,TitleEVCML,43.5222
495,TitleZFAPT,41.44402
496,TitleYIUI7,43.5222
497,Title1FPQK,42.95732
498,TitleUJWBW,41.012474
499,TitleBJYR7,41.570187
500,Title8JTF1,41.44402
501,TitleTZA49,41.570187
502,TitleT1B7R,42.648926
503,TitleAM3CB,41.44402
504,TitleWO5ED,41.2633
505,Title2TMWH,42.13507
506,Title06VRW,42.95581
507,TitleYV0UP,41.570187
508,TitleO4V34,43.965736
509,TitleFKSK0,42.441956
510,TitleNEH76,41.44402
511,TitleAVXZC,41.13864
512,TitleV60DG,43.645767
513,TitleUTZ31,42.775093
514,TitleC2PWK,42.95581
515,TitleE4HGA,41.2633
516,TitleS3ZB0,44.149055
517,TitleIP9KH,41.137135
518,TitleCGSRD,42.775093
519,Title5QXSN,42.95581
520,Title5Y2T3,42.775093
521,TitleWD6V4,42.831154
522,TitleXFC6B,43.953743
523,TitleG41PJ,41.44402
524,Title8I7VJ,41.31936
525,TitleCIF2Z,42.831154
526,Title3V4QG,41.44402
527,Title73XMP,42.441956
528,TitleQLI7E,42.31729
529,TitleQ7I7W,42.95581
530,TitleJ4DQW,42.441956
531,TitleKSVLN,41.13864
532,Title6MJU4,41.137135
533,TitleAYMCE,41.137135
534,Title043KJ,41.570187
535,TitleS0GE1,42.648926
536,TitleZNARU,43.953743
537,Title2PJZB,42.648926
538,TitleP0GZJ,43.64686
539,Title38AOP,41.44402
540,Title2FI5G,42.33038
541,TitleYMGMA,42.31729
542,TitleAWKNH,43.65885
543,Title5UDJC,41.2633
544,Title8O4SI,43.953743
545,TitleQAJYO,41.2633
546,TitleV0DBN,41.012474
547,TitleVZPED,42.14706
548,TitleO1AYG,41.95175
549,Title5P39E,43.5222
550,Title108RD,42.512604
551,Title1HV11,41.570187
552,TitleREAXR,42.775093
553,TitleYHGTP,41.137135
554,Title1FBD5,41.2633
555,TitleXIV7E,43.5222
556,TitleHBD7W,43.081978
557,TitleSNRI6,42.133972
558,TitleJNM2W,42.95732
559,TitleLT4SL,42.95581
560,TitleAXAZF,42.441956
561,TitleZWBNC,42.13507
562,TitleQJ4WL,41.012474
563,TitleCR7DT,41.137135
564,Title3NIBO,42.637264
565,TitleZL24H,41.570187
566,TitleFQSKJ,44.149055
567,TitleBNU2C,43.64686
568,TitleKD877,41.570187
569,TitleFQJXF,42.831154
570,Title64GLO,42.775093
571,TitleMSE5Y,42.52427
572,TitleQZ49S,42.258636
573,TitleJ4L5V,42.95581
574,TitleFNW5B,42.258636
575,TitleF9B29,42.010406
576,TitleS1YFA,42.95581
577,TitleHRIXA,43.081978
578,TitleQ6MXK,42.648926
579,TitleSUBDW,42.650436
580,Title83RZD,42.441956
581,TitleUZ1WK,42.441956
582,TitleFXCG1,41.137135
583,TitleGB31Y,41.31936
584,Title4V7DH,43.081978
585,TitleXKJOO,43.081978
586,TitleL4PKX,41.570187
587,TitleXJ4U2,43.081978
588,TitleF5WUU,41.95175
589,TitleCXS2J,42.648926
590,Title3E422,44.149055
591,TitleSA53I,42.95581
592,Title4TW3L,42.33038
593,Title2JPQN,42.95732
594,TitleVGL10,41.445526
595,TitleC0Z97,42.637264
596,TitleZWGTT,43.953743
597,TitleHRY59,42.13507
598,TitleCA0PS,43.829086
599,Title92JV6,41.2633
600,Title921U4,42.441956
601,TitleEE9YB,41.44402
602,TitleUXYL0,41.570187
603,TitleU6AP7,42.95581
604,TitleEMRKZ,41.95175
605,TitleIR8CL,41.44402
606,TitleDR4D4,43.953743
607,TitleI7MHB,43.46354
608,TitleJYDUH,43.5222
609,TitleOOHW2,42.95581
610,TitleAA0K2,42.441956
611,TitleQI6S3,41.44402
612,TitleEN5WF,41.31936
613,TitleASAWY,42.775093
614,Title0XG83,41.44402
615,Title7R23W,41.570187
616,TitleWHX4L,41.570187
617,Title1ER2Y,42.648926
618,Title9VTVJ,41.2633
619,TitleWRVN0,41.13864
620,TitleN0LUE,43.953743
621,TitleYXVMN,42.010406
622,TitleQ0LPL,42.95581
623,Title56GMA,42.831154
624,TitleLI03A,43.64686
625,TitleWZ253,43.84217
626,TitleLXK51,42.775093
627,TitleDGNUU,41.44402
628,TitleMQ41O,41.44402
629,Title25ZKS,42.33038
630,TitleNR8HN,41.44402
631,TitleCPVCW,41.2633
632,Title8KABP,43.770424
633,TitleIMHXK,43.64686
634,Title7HHOZ,43.081978
635,TitleMGECQ,42.95581
636,TitleOQU6Q,41.31936
637,Title3T8Q8,42.13507
638,TitleH4R55,42.95732
639,TitleJ69RU,41.570187
640,TitleC7RYX,41.2633
641,TitleURF8X,42.95732
642,TitleJLQ0Y,42.95581
643,TitleSZL62,41.570187
644,TitleKP3U7,41.137135
645,TitleTRE3S,41.012474
646,TitleN6F2A,43.770424
647,Title4LFA1,43.5222
648,TitleNU02U,43.081978
649,TitleZFXCP,42.33038
650,TitleMMAZY,41.31936
651,TitleYNGW5,41.137135
652,TitleMMDN8,41.137135
653,TitleJJOCR,41.012474
654,TitleISH2D,42.648926
655,Title6OWJL,41.570187
656,TitleJE4O9,42.650436
657,Title3Q4OR,41.31936
658,TitleH0UQK,41.31936
659,Title5LQOQ,43.5222
660,TitlePN59V,41.95175
661,TitleAIMZ4,41.44402
662,TitleR0HQW,41.44402
663,Title86L33,43.953743
664,TitleN7R4T,41.44402
665,TitleMAO9L,42.95581
666,TitleY6XA5,41.570187
667,TitleI8ERD,42.33038
668,TitleUJYEL,43.84217
669,TitleKYSRZ,43.081978
670,Title7RZD6,41.2633
671,TitleOVNNA,41.570187
672,TitleXCW6I,42.95581
673,TitleC700S,43.84217
674,TitleTV7P4,41.13864
675,TitleRQ5OT,43.64686
676,TitleU6ACG,43.953743
677,TitleP1WHY,43.953743
678,TitleAJ8XX,42.775093
679,TitleX99W6,41.44402
680,TitleY1SAV,42.648926
681,TitleID0JM,41.44402
682,TitleLFI9R,42.453945
683,TitleQ7FOO,42.648926
684,TitleYLBWY,42.95581
685,Title8SPUR,41.2633
686,Title9HRQL,41.137135
687,TitleUHPKX,44.149055
688,TitleBLUPD,41.012474
689,TitleS73N4,41.137135
690,TitleLHPZC,42.648926
691,TitleKXZVP,42.441956
692,TitleQ8ZJ5,42.775093
693,TitleVQ58V,41.2633
694,TitleRCGOM,42.13507
695,Title205FL,41.44402
696,TitleQ0JJA,41.44402
697,TitleNKJ1P,41.2633
698,TitleDL5RK,42.13507
699,TitleDXHHB,43.081978
700,Title1HO0Y,41.570187
701,TitleR0GBY,43.64686
702,TitleGW5DY,42.775093
703,TitleZ6KT9,41.31936
704,TitleA5BKG,42.453945
705,TitlePSZTQ,43.081978
706,Title3VAP1,42.648926
707,TitleULTS1,41.570187
708,Title280ZR,42.775093
709,TitleW4DV8,41.570187
710,Title0GAD5,43.770424
711,Title1N8A6,41.570187
712,TitleFLH8A,42.13507
713,TitleH23CM,43.081978
714,TitleT269F,42.52427
715,TitleR5U46,41.2633
716,TitleZEREP,41.445526
717,Title7HJF4,41.012474
718,Title8PQZL,41.44402
719,TitleEGIZM,43.645767
720,Title408P2,41.012474
721,Title8GRU3,41.137135
722,TitleW1T1J,41.012474
723,TitleJISI6,41.137135
724,TitlePCZK5,41.2633
725,TitleR6W9K,42.775093
726,TitleS398A,41.137135
727,Title3O3Z7,42.95581
728,Title76D08,43.081978
729,TitleNXYVG,41.570187
730,Title1ZANJ,41.137135
731,TitleY3W82,41.44402
732,TitleY7YHY,41.570187
733,TitleXX8MH,42.95581
734,TitleUO1RJ,42.95732
735,TitleW91AR,42.95581
736,TitleXTQNO,41.2633
737,TitleKY5CH,42.13507
738,TitleK5PA7,43.770424
739,TitleMNYZG,42.33038
740,TitleFZWCL,42.512604
741,TitleRTETD,41.44402
742,TitleRM0AT,42.13507
743,TitleF2I93,41.012474
744,TitleCGK0T,41.2633
745,TitleLDY20,43.64686
746,TitleG7ASQ,43.65885
747,TitleQ0LC9,43.081978
748,Title6F1QJ,43.829086
749,TitleNV8HX,42.13507
750,Title5RB1Y,41.445526
751,TitleZFZU0,41.2633
752,TitleSV3V8,43.953743
753,TitleQ0D4D,41.44402
754,Title1N86W,42.648926
755,Title96N3Z,42.775093
756,TitleM1RQ5,42.31729
757,TitleFZ9P9,42.441956
758,Title5TEF6,42.31729
759,Title2JDEQ,43.081978
760,TitleDT2SJ,43.770424
761,TitleUH7UE,41.137135
762,TitleX8GD0,42.52427
763,Title39FPS,41.445526
764,Title41VTG,41.570187
765,TitleGM3Q4,43.64686
766,TitleJG6EE,41.137135
767,TitleB59S5,42.95581
768,TitleM5YGV,41.44402
769,TitleRDY6Q,41.445526
770,Title2DZSU,43.081978
771,TitleQ6AE6,42.648926
772,TitleXF7WO,41.2633
773,TitleQUNLH,42.95581
774,Title3XAGQ,42.775093
775,TitleTJYTM,42.831154
776,TitleMXYD9,41.44402
777,TitleZVEUN,43.84217
778,Title6I28C,43.965736
779,TitleJVPCM,41.137135
780,TitleKMH84,42.95732
781,TitleUZH7Y,42.31729
782,TitleJT4D6,41.137135
783,TitleO6I2Z,41.44402
784,TitleKJW77,42.648926
785,TitleIS8WY,41.13864
786,TitleDBU52,42.775093
787,TitleX53DD,42.637264
788,Title2U4U7,43.770424
789,TitleFIMG6,44.149055
790,Title84QHN,43.953743
791,TitleL1CUK,43.965736
792,TitleCKTYO,42.775093
793,TitleA3J06,42.648926
794,TitleSA5JQ,42.441956
795,TitleVTIQ0,41.137135
796,Title20LYN,41.13864
797,TitleLYJHC,42.775093
798,Title79OW9,41.137135
799,TitleVDS21,42.95581
800,TitleL2JEW,42.648926
801,Title91TMK,43.081978
802,TitleNQ6UW,43.081978
803,TitleFZGVV,41.012474
804,TitleRJCDZ,41.44402
805,TitleHHBDW,41.570187
806,TitleSRVI6,42.648926
807,TitleBKT65,42.648926
808,TitleVG340,42.010406
809,TitleJ7HCY,41.31936
810,TitleZ96R8,42.648926
811,Title4WUD8,42.831154
812,Title2BP97,42.13507
813,TitleD1HSV,42.441956
814,TitleC2UUJ,41.570187
815,Title9G7Z7,42.95581
816,TitleI1KEN,42.95581
817,TitleKPLT4,41.827087
818,Title4ZWP5,42.441956
819,TitleBS0WL,41.012474
820,TitleKKWCA,41.137135
821,Title0FU5S,42.31729
822,TitleE0KRJ,42.648926
823,TitleVVRFD,41.2633
824,TitleHT658,43.64686
825,Title852B3,43.534195
826,TitleUXIF0,42.95581
827,Title9JWRB,42.441956
828,Title8UR96,41.44402
829,TitleZ7KJ0,41.44402
830,Title8FJ5H,42.20572
831,TitleHH06V,42.775093
832,Title9I3T6,42.648926
833,TitleF8HC1,41.95175
834,TitleON8DS,43.081978
835,TitleSAZ3H,41.44402
836,TitleDYABC,43.829086
837,TitleW88NY,42.258636
838,Title82CIH,41.44402
839,TitleO56QD,41.570187
840,Title3MLCN,42.95581
841,Title7UY6H,42.648926
842,TitleDNR3M,42.13507
843,Title7B6CX,42.650436
844,Title07MM6,42.95581
845,TitleI9IAV,42.95732
846,TitleYK4LF,42.95581
847,TitleBQUYG,42.441956
848,TitleRV8BW,41.570187
849,Title5ITDB,42.95732
850,TitleW76GX,41.570187
851,TitleB729Z,42.648926
852,Title6YTWX,42.95732
853,TitleQ8BFC,41.570187
854,TitleV27SW,42.13507
855,TitleLDP9Z,43.081978
856,Title54BZJ,42.31729
857,TitleK9D3B,42.512604
858,TitleAAQG7,42.95581
859,Title2WVH7,42.775093
860,TitleQMG6A,41.137135
861,TitleOHTAM,43.081978
862,TitleV03GG,42.31729
863,TitleWSZ3T,42.95581
864,TitleAVXHK,41.570187
865,TitleVTXCA,41.137135
866,Title7941F,39.554707
867,TitleT93VF,41.44402
868,TitleED8J4,42.441956
869,TitleBNIB0,41.44402
870,Title8L2FQ,41.44402
871,Title013WA,42.775093
872,Title6U8JD,42.648926
873,TitleIZ79K,41.44402
874,Title5PLDW,41.827087
875,TitleXUBFQ,41.2633
876,TitleXQ02F,43.081978
877,TitleA12R8,43.081978
878,Title2CV9B,41.13864
879,TitleU8E3D,42.95581
880,Title9PCE2,43.081978
881,TitleP0FXZ,41.2633
882,TitleCFQ3K,43.953743
883,TitleMGDZ8,42.95581
884,TitleIG909,41.2633
885,Title6JM16,41.570187
886,TitleAGWZH,42.95581
887,Title5DKVV,42.95732
888,TitleFFUCT,42.441956
889,TitleGV7XI,42.775093
890,TitleZL409,42.775093
891,Title31RSX,41.44402
892,Title3JEMA,44.149055
893,TitleZB5U0,41.44402
894,TitleM109I,42.95581
895,TitleU7WEV,42.648926
896,TitleO3PQQ,41.827087
897,TitleVDD91,42.441956
898,TitleOJV2K,41.2633
899,TitlePLWWG,42.441956
900,TitleBCQIN,41.44402
901,TitlePKRME,42.650436
902,Title9IF16,42.95581
903,TitleNFJJ0,42.33038
904,TitleS0ZXM,42.441956
905,TitleVHI07,41.570187
906,TitleI6DYI,42.831154
907,TitleZQRIZ,42.775093
908,Title7APVX,42.31729
909,TitleHFKTG,41.570187
910,TitleGUFXV,44.149055
911,TitleN3VPE,42.95581
912,Title31RKT,42.441956
913,TitleY0HVR,41.2633
914,TitlePQ5SJ,41.137135
915,TitleWJZHU,42.648926
916,TitleM49YE,41.31936
917,TitleUMLYA,42.441956
918,Title9BHDG,41.44402
919,TitleBSAAD,42.775093
920,TitleE0CW3,41.2633
921,Title73ZNE,42.13507
922,TitleXZSVX,43.953743
923,TitleTBE5E,42.831154
924,TitleXNL80,42.52427
925,TitleJSMS5,41.012474
926,TitleQ9F4N,41.137135
927,Title3PIBO,42.831154
928,Title9NZL7,42.831154
929,Title7IIH3,41.44402
930,Title57ZHD,41.44402
931,TitleM217C,42.95581
932,TitleEDOCD,42.95581
933,TitleMEH6X,43.5222
934,TitleDUQ23,41.44402
935,TitleDJKZD,43.953743
936,TitleK3CB0,41.137135
937,TitleQDGJS,43.081978
938,TitleT4ZWO,41.44402
939,TitleE38OK,41.44402
940,TitleSQBLU,41.570187
941,TitleLPIH0,42.648926
942,TitleEH1XB,42.13507
943,Title9LMWD,43.081978
944,TitleIY4JP,44.149055
945,Title32BHO,42.775093
946,TitleWRFTS,43.081978
947,Title6R8YY,42.648926
948,TitleR4LB9,41.31936
949,TitleE1AWV,42.441956
950,TitleH7YB1,41.137135
951,Title719HX,42.13507
952,TitleESQPM,42.775093
953,TitleOZOUT,42.95581
954,TitleXKOLD,42.13507
955,Title4ZA24,42.95581
956,TitleLQHNU,43.081978
957,TitleY9IG8,41.44402
958,TitleT6ISM,42.775093
959,TitleA6121,42.52427
960,Title375P6,43.965736
961,Title0I86K,42.512604
962,TitleVIVN9,43.953743
963,TitleOWJAW,43.64686
964,TitleBBMUM,42.95581
965,Title9VFH9,43.081978
966,TitleR11CX,41.2633
967,Title82DQ7,41.137135
968,TitleIVLS7,43.953743
969,TitleVZIVX,41.44402
970,TitleMREEV,42.441956
971,TitleZLTMX,42.95732
972,Title1KYR7,42.13507
973,TitleO0AIE,42.95732
974,TitleBE5HO,41.2633
975,Title85EPD,41.2633
976,TitleUAJOX,44.0244
977,TitleKXLZ1,42.33038
978,Title6SVNM,42.441956
979,TitleIJNJZ,42.52427
980,Title9ZE5W,42.95581
981,TitleMPJT7,42.648926
982,Title9A9O6,42.775093
983,TitleIU0LO,43.081978
984,TitleVAKQY,42.95581
985,Title2K1OA,41.570187
986,Title72SUU,43.081978
987,TitleH1PWT,43.081978
988,TitleQY76J,42.258636
989,TitleKDURS,42.775093
990,TitleZA3HK,43.84108
991,TitleYAU4L,43.953743
992,TitleCYJDK,42.441956
993,TitleKANYG,41.2633
994,Title1HQYD,42.775093
995,TitleZTMJJ,43.081978
996,Title1L5SN,41.570187
997,TitleZ5ZYD,43.64686
998,Title6TYUI,42.95581
999,TitleBHSPR,41.44402
1000,Title4B3IC,42.775093
1001,TitleH13PD,43.953743
1002,Title9V62Y,41.445526
1003,TitleSAMZQ,41.44402
1004,TitleQALDY,43.84217
1005,Title87TBE,43.953743
1006,TitleAWG5Y,41.44402
1007,TitleYKL1L,41.570187
1008,TitleUXOC3,41.44402
1009,TitleLRKK5,41.44402
1010,Title5IV1R,42.95581
1011,TitleRSLKR,42.441956
1012,TitleNYKLA,41.137135
1013,TitleXU29Q,43.953743
1014,TitleXWKBQ,42.95581
1015,TitleLPACI,42.95581
1016,TitleR9F1M,41.2633
1017,TitleQHTDD,41.2633
1018,Title4FRC1,41.137135
1019,TitleY1IDY,42.95581
1020,Title9RQ55,42.31729
1021,TitleZHCIX,42.441956
1022,TitleOCI7Q,42.258636
1023,TitlePN8Q4,41.44402
1024,TitleAULBR,43.081978
1025,TitleHVKUX,42.637264
1026,TitleMF27R,41.570187
1027,TitleEEMZV,42.650436
1028,Title0DBE8,41.44402
1029,TitleDKL6N,41.44402
1030,TitleK5NCL,41.570187
1031,Title6HL1Y,41.445526
1032,Title9JHMK,38.00511
1033,TitleY9SAK,43.081978
1034,TitleEL816,42.258636
1035,TitleGBPVN,41.137135
1036,TitleBGCH2,42.13507
1037,TitleD338P,42.13507
1038,TitleESWIC,42.13507
1039,TitleHJOQV,42.010406
1040,TitleOU3NF,42.831154
1041,TitleRVK2Q,42.13507
1042,Title80F7S,41.012474
1043,TitleEP4N9,43.953743
1044,Title92JGX,42.441956
1045,TitleLKGP0,41.13864
1046,Title1T6W8,43.64686
1047,TitleUBYP7,41.44402
1048,Title27VTQ,41.570187
1049,TitleUGIJV,42.95581
1050,TitleK9KZ8,41.44402
1051,TitleDE9J9,41.44402
1052,Title9BIKV,42.95581
1053,TitleL4JQC,43.64686
1054,Title8X1FT,41.44402
1055,Title8XQ8J,41.2633
1056,TitleHDQKC,42.648926
1057,Title2NJU1,43.338882
1058,TitleJSQUT,42.13507
1059,TitleX0SS2,43.704147
1060,TitleO64ZW,43.770424
1061,TitleODYJX,41.2633
1062,TitleX2GH0,41.44402
1063,Title3R3GZ,44.0244
1064,TitleIPLGP,42.95581
1065,Title2ML34,41.012474
1066,Title9IOB9,43.770424
1067,Title9E343,42.31729
1068,Title3RKQV,41.570187
1069,TitleAEYIF,41.137135
1070,Title1ZZK6,41.44402
1071,Title9248W,43.64686
1072,TitleOTY4L,43.081978
1073,TitleNIEBG,43.081978
1074,TitleJ5RYP,42.95581
1075,Title58W1F,41.570187
1076,TitleJW6MX,42.14706
1077,Title1NU6J,42.31729
1078,TitleAA8Q4,41.012474
1079,Title0ZIU0,42.441956
1080,TitleRWTCH,41.570187
1081,TitleZMHRB,42.31729
1082,TitleTWH5D,43.081978
1083,TitleQ2TLG,43.081978
1084,TitleITK46,42.13507
1085,TitleR8ZKN,43.46354
1086,Title0UAXO,44.149055
1087,TitleM7ZNX,42.13507
1088,TitleUT7Z4,42.33038
1089,Title2GENZ,41.44402
1090,TitleTOSC0,41.44402
1091,TitleN3HOJ,42.258636
1092,TitleA9OBP,42.95581
1093,TitleX9YLI,43.953743
1094,TitleRGN7H,42.453945
1095,TitleQ87RT,41.570187
1096,TitleG8IJX,42.775093
1097,TitleQ28IV,42.648926
1098,Title2B84M,42.52427
1099,TitleHNM1N,41.445526
1100,TitleJ7ALN,42.831154
1101,Title1F9JY,43.770424
1102,TitleMLWOG,42.31729
1103,Title4KT4G,42.95581
1104,TitleSIYFQ,41.570187
1105,TitleKTRH7,42.441956
1106,Title4ZEAS,41.44402
1107,Title58LHK,42.441956
1108,TitleCMDBW,42.95732
1109,TitleB05O6,43.829086
1110,Title2RBG8,41.2633
1111,TitleZPMLT,42.648926
1112,TitleNCT73,42.95732
1113,TitleRH0CG,42.95581
1114,TitleM81TL,42.33038
1115,Title59KR5,42.258636
1116,TitleX5F33,41.44402
1117,Title177J6,42.95581
1118,Title48NBL,42.95732
1119,TitleAB617,41.137135
1120,Title2ASW6,42.441956
1121,TitleRY53W,42.13507
1122,TitleDO4IN,41.570187
1123,Title1IFKE,42.775093
1124,TitleK6SAM,41.44402
1125,TitleHHZ3W,42.648926
1126,TitleZSO2H,42.831154
1127,TitleK5HUB,43.081978
1128,TitleQ2CQP,42.648926
1129,TitleP1P2T,42.31729
1130,TitleVAP78,42.775093
1131,Title1ZFZP,43.081978
1132,TitleLKNOQ,43.081978
1133,TitleF5M2L,42.648926
1134,TitleA3JWQ,41.570187
1135,TitleKLE8B,43.081978
1136,Title24VWF,42.95581
1137,TitleY8ZBM,41.44402
1138,Title9PULP,41.012474
1139,Title3NPEW,42.95581
1140,Title91S6N,41.570187
1141,TitleLG9SG,41.44402
1142,TitleXFDU5,41.31936
1143,TitleAZCMZ,41.2633
1144,TitleFNCL9,43.081978
1145,TitleZ71MW,43.64686
1146,TitleYPV5U,41.44402
1147,Title0PFVJ,42.831154
1148,Title2J7WR,41.44402
1149,TitleF9TI2,41.570187
1150,TitleAB70M,41.445526
1151,TitleDCD90,41.2633
1152,Title4N8HW,41.570187
1153,TitleF5ZFB,42.010406
1154,TitleJ2AV8,41.44402
1155,TitleF5C7V,42.95581
1156,Title9HEI4,42.648926
1157,TitleV64ZC,42.95581
1158,Title5QX7S,41.44402
1159,Title7D6RK,43.953743
1160,TitleA6QC4,41.137135
1161,Title1JMO7,41.44402
1162,TitleFJD5Y,42.13507
1163,Title4J8LW,42.775093
1164,Title5YI5T,41.2633
1165,TitleVNV55,41.31936
1166,TitleCSCQX,42.95581
1167,TitleAZKWI,41.570187
1168,Title1AJ2I,42.775093
1169,Title322DK,41.44402
1170,Title9HAQC,43.829086
1171,TitleRHZ7L,42.441956
1172,Title0CZQQ,42.95581
1173,TitleLVY1J,42.13507
1174,TitleACDIX,42.14706
1175,TitleHQM9M,41.2633
1176,TitleX0MK0,42.95581
1177,TitleV8X3S,42.775093
1178,Title2EZYK,42.33038
1179,TitleHHNNF,43.081978
1180,TitleYOYAO,44.0244
1181,TitleIQ98O,43.081978
1182,TitleIHZ2E,41.44402
1183,TitleZ5J52,41.2633
1184,TitleRGHOI,41.570187
1185,TitleIAGU0,41.445526
1186,Title023FO,42.95581
1187,TitleVXYK8,42.192352
1188,TitleOMDNT,41.44402
1189,TitleCZN3X,42.192352
1190,TitleOY6SX,43.5222
1191,TitleR4ON4,42.441956
1192,TitleWUK8H,42.648926
1193,Title9CMQT,41.570187
1194,TitleW3LFX,42.648926
1195,Title2GITH,42.95581
1196,Title19E6A,44.149055
1197,TitleYOECY,41.31936
1198,TitleAZSA4,42.95732
1199,TitlePN4UR,43.770424
1200,TitleY4YQV,41.31936
1201,TitleORBJ6,42.95581
1202,TitleYD7LT,43.5222
1203,Title8SL16,43.081978
1204,TitleXI1UQ,41.570187
1205,TitleL581I,42.258636
1206,TitleH91AX,42.258636
1207,TitleLKVIM,42.441956
1208,TitleWAUBR,42.95581
1209,TitleUHMTR,42.775093
1210,TitleZUF5M,42.775093
1211,TitleJ9J8L,44.149055
1212,TitleDYYCE,41.44402
1213,Title8N7XI,41.95175
1214,TitleAWLB2,42.831154
1215,TitleXXJ1K,42.31852
1216,TitleZF0SP,43.717514
1217,TitleWZ08A,41.137135
1218,TitleRHL71,42.192352
1219,TitleTYKX4,42.95581
1220,TitleD3RDH,42.648926
1221,TitleDXUPU,42.512604
1222,Title5L2C4,41.44402
1223,TitleSBS1A,41.2633
1224,TitleQO1HA,42.831154
1225,TitleF1GCQ,41.44402
1226,TitleN9TKA,42.95581
1227,TitleO08LI,41.570187
1228,TitleKDNOY,41.44402
1229,TitleAIU0F,41.2633
1230,TitleIFVXB,41.137135
1231,TitleT5EG9,42.33038
1232,TitleYOP1K,41.570187
1233,Title2QY9H,43.081978
1234,TitleAEVPT,41.44402
1235,TitleAAW85,43.64686
1236,Title6NA9A,43.081978
1237,TitleY8YY5,41.137135
1238,Title0UG9L,42.775093
1239,Title1ID54,41.2633
1240,TitleSMXVA,43.64686
1241,TitleIZDBA,41.2633
1242,Title975KB,42.775093
1243,TitleECHPD,42.453945
1244,TitleOBCLV,41.570187
1245,Title68J6T,43.081978
1246,Title4S2QY,42.831154
1247,Title5JGSD,42.95732
1248,TitleALTXY,41.570187
1249,TitleCWGFU,42.13507
1250,TitlePHHD0,42.650436
1251,TitleKWFTK,42.010406
1252,Title475DZ,42.441956
1253,TitleMTJM7,43.64686
1254,TitlePF61Z,44.149055
1255,TitleBJ2ER,42.648926
1256,Title50LYV,42.95581
1257,TitleH3HUJ,41.137135
1258,Title7IMHP,41.95175
1259,TitleCMKW1,41.570187
1260,Title933SF,43.829086
1261,Title7YS1E,41.13864
1262,Title7EGA7,42.441956
1263,TitleLA7DV,42.13507
1264,TitleDL0DO,44.149055
1265,Title3NZJ5,41.445526
1266,TitleZGOLB,41.570187
1267,TitleLMEVA,43.081978
1268,TitleFP0TV,42.648926
1269,TitleFMIE8,43.645767
1270,TitleJJHXW,43.953743
1271,TitleTVRI1,41.2633
1272,Title3XYTX,42.95581
1273,TitleRE4WS,43.65885
1274,Title3QVNA,42.775093
1275,TitleCUD6G,41.570187
1276,Title1Z5EF,43.5222
1277,TitleEMZJH,41.570187
1278,TitleMIMHZ,41.2633
1279,TitleE3N7P,41.137135
1280,Title9CD16,42.52427
1281,TitleDOTV0,44.149055
1282,TitleS7YMO,41.570187
1283,TitleH9SN9,41.137135
1284,TitleYPB2B,42.648926
1285,Title0XTGZ,41.570187
1286,TitleHR7DD,42.258636
1287,TitleCQ4UW,42.637264
1288,TitleZFYTR,41.137135
1289,TitlePW097,41.137135
1290,Title6U3HV,43.64686
1291,TitleB1B6J,43.081978
1292,Title3UAB7,41.570187
1293,TitleY3U4X,42.637264
1294,TitleEXMHJ,42.258636
1295,TitleZSF9E,42.648926
1296,Title6Y3XE,44.149055
1297,Title7QMJP,41.570187
1298,TitleU9T6A,43.081978
1299,Title9WJB9,42.13507
1300,TitleF0ADH,42.52427
1301,TitleL28X4,41.570187
1302,Title09SLQ,41.012474
1303,TitleGLYDJ,42.637264
1304,TitleQIR2V,43.829086
1305,TitleD0VTL,41.44402
1306,TitleT7QID,42.441956
1307,TitleNGUQY,42.95581
1308,TitleG86YF,41.570187
1309,Title23IO7,41.31936
1310,TitleWQVEK,43.770424
1311,TitleQPHUH,41.2633
1312,TitleKP4G1,43.081978
1313,Title5R18L,43.84217
1314,TitleJRGCZ,42.31729
1315,TitleQ9PBW,41.445526
1316,TitleROHOK,41.570187
1317,TitleXNCK8,43.953743
1318,TitleP6VI0,42.95581
1319,TitleRV2GZ,42.95581
1320,TitleI0P27,41.44402
1321,TitleMM4KT,41.012474
1322,TitleB9XZ4,42.648926
1323,TitleJBD8E,41.44402
1324,TitleO5VGC,41.137135
1325,TitleX32XH,42.637264
1326,Title1U11U,42.453945
1327,TitleLML3B,42.31729
1328,TitleO00RJ,43.081978
1329,TitleSN96Y,42.441956
1330,TitleKA948,41.012474
1331,TitleCVPNF,42.637264
1332,TitleFWMH1,41.13864
1333,Title2PTU0,43.081978
1334,TitleN7CXE,41.2633
1335,TitleH6PYI,42.775093
1336,Title1WBHS,42.441956
1337,Title9BDFO,41.570187
1338,Title2RE9J,41.44402
1339,TitleO3Q5A,44.149055
1340,TitleDRRFS,42.637264
1341,Title5KQ3S,43.953743
1342,Title48Y85,43.081978
1343,Title59YN5,42.831154
1344,TitleEMYF9,42.775093
1345,TitleC5GU4,41.137135
1346,Title4VATZ,42.650436
1347,Title7NA9H,41.44402
1348,Title92PQJ,41.44402
1349,TitleW302Q,43.770424
1350,TitleD00ZR,41.2633
1351,Title70LI7,43.081978
1352,Title2QB21,41.570187
1353,TitleNUPWA,43.081978
1354,Title5E9TK,42.441956
1355,TitleBQICI,42.95581
1356,TitleMKTT7,42.648926
1357,Title53X6Z,41.012474
1358,TitleT3R1J,43.081978
1359,TitleQ3FS0,41.570187
1360,TitleURBH7,41.137135
1361,TitleJLPX0,41.44402
1362,TitleSM0HS,43.081978
1363,TitleJ2GWX,43.64686
1364,TitleNAF56,41.44402
1365,TitleY5HE7,42.95581
1366,TitleBJ7S9,43.64686
1367,TitleG2N7R,42.775093
1368,TitleOFK5C,43.770424
1369,TitleII03Y,42.831154
1370,Title0K217,41.137135
1371,Title0K59O,43.953743
1372,Title8NITG,42.648926
1373,TitleKVY3W,41.13864
1374,Title6CDRU,42.775093
1375,TitleCER71,42.831154
1376,TitleSVC9G,42.31729
1377,Title33K91,42.648926
1378,TitleTZXYI,42.010406
1379,TitleU5X9V,41.012474
1380,TitleGVZWF,41.31936
1381,TitleDMING,43.953743
1382,TitleKLOX9,41.44402
1383,TitleFR2ZC,42.95581
1384,TitleN3TYW,43.953743
1385,TitleVS1Y6,42.95732
1386,TitleHJOH7,42.95581
1387,TitleD9TXZ,44.0244
1388,Title9EPDE,42.13507
1389,TitleRKYAC,42.95581
1390,TitleLMZ1H,42.775093
1391,TitleLDSLR,42.441956
1392,TitleBMT80,42.95581
1393,Title5E40D,42.95581
1394,TitleDVNA5,42.31729
1395,TitleH21KX,41.570187
1396,Title6EWP1,42.95581
1397,Title0FQTT,43.64686
1398,Title3QXI9,42.13507
1399,TitleVEJGJ,41.570187
1400,Title982EA,44.149055
1401,Title00Z6Y,41.44402
1402,TitleRJK37,41.137135
1403,Title7M9YB,42.512604
1404,TitleX21QG,41.137135
1405,TitleP1LW9,42.52427
1406,TitleWH5JN,41.2633
1407,TitleMDJBN,41.95175
1408,Title0AM7W,41.13864
1409,TitleON9VQ,43.965736
1410,Title1M5HJ,41.31936
1411,TitleGAIPV,42.441956
1412,TitlePU8YK,42.441956
1413,TitleT48HB,43.84217
1414,TitleRFQM2,42.13507
1415,TitleSYGAW,42.441956
1416,TitleBH0VD,43.081978
1417,TitleWF5UF,41.44402
1418,TitleG4KL3,43.829086
1419,Title88KT3,42.13507
1420,Title0YJOF,42.650436
1421,Title44M2Y,41.570187
1422,Title2SQHX,44.0244
1423,TitleNBDFJ,42.95581
1424,TitleE01MZ,43.46354
1425,TitleDO9SK,41.13864
1426,TitleYYTTB,41.2633
1427,TitleUO38W,43.081978
1428,TitleCB4WC,42.95581
1429,TitleCY39N,43.953743
1430,Title4T9TO,41.570187
1431,Title8POD5,42.329285
1432,TitleHK0BF,42.441956
1433,TitleDNSAF,42.775093
1434,TitleYGX7S,42.133972
1435,TitleH0QO0,43.953743
1436,TitleA8V1T,43.953743
1437,TitleWKEZP,42.95581
1438,Title6DUW5,43.953743
1439,TitleNC7PU,42.648926
1440,Title8PB1R,41.570187
1441,TitleTIE51,42.13507
1442,TitleY8A1C,41.012474
1443,Title6K5J4,42.775093
1444,TitleNB01M,42.95581
1445,TitleNJJ4A,41.31936
1446,TitleYB0J7,41.31936
1447,TitleXOHHA,42.441956
1448,TitleZVMQ2,41.13864
1449,Title0SZNQ,41.13864
1450,TitleRQ0LY,41.137135
1451,Title8F271,41.2633
1452,TitleXQ1VJ,41.44402
1453,TitleRY9PW,42.775093
1454,TitleD2PQJ,42.648926
1455,TitleW5UO5,41.570187
1456,TitleOXCQI,42.13507
1457,Title5FVH9,41.2633
1458,TitleDAP2Q,42.95732
1459,Title8UT4U,41.137135
1460,TitleZ57ZP,42.95581
1461,TitlePL2LF,41.44402
1462,TitleS6JJC,41.570187
1463,TitleM4TAB,41.570187
1464,Title1RN6T,42.95581
1465,TitleI86XF,41.137135
1466,TitleTYSUA,42.95581
1467,TitleUG3QH,41.445526
1468,TitleI4O1J,43.84217
1469,Title7NIO5,43.770424
1470,TitleZ3MF1,42.13507
1471,TitleX3IV6,43.081978
1472,TitleNOCNZ,41.31936
1473,TitlePCY3C,42.20572
1474,TitleKZ7TL,41.44402
1475,TitleH5282,42.258636
1476,TitleDPKCW,42.441956
1477,TitleQHFL7,42.258636
1478,TitleVI5LB,41.570187
1479,TitleMH112,43.64686
1480,TitleLKN5K,43.081978
1481,TitleIJ2I5,41.95175
1482,Title0ZLP6,42.95581
1483,Title0K4PP,42.13507
1484,Title44ZW0,44.149055
1485,TitleP610W,43.770424
1486,TitleBN2FZ,42.441956
1487,TitleIAZXQ,42.441956
1488,Title2N7I0,42.775093
1489,TitleEWZ0I,42.52427
1490,TitleW6T9C,42.637264
1491,Title2XNIX,42.831154
1492,TitleHMFD3,42.441956
1493,Title72UTS,41.2633
1494,TitleG78PL,42.13507
1495,TitleAF256,42.775093
1496,TitleDPNW9,42.31729
1497,Title41L4W,41.31936
1498,TitleLICVD,41.95175
1499,TitleN44AZ,42.648926
1500,TitleDRALY,41.44402
1501,TitleDMT11,42.441956
1502,Title4ATTT,42.258636
1503,TitleLE5PR,41.13864
1504,Title50PKJ,41.95175
1505,Title6XUBF,41.2633
1506,TitleNISFK,42.95581
1507,TitleB0IUQ,41.570187
1508,Title5TADF,42.648926
1509,TitleFR37S,41.137135
1510,Title089DL,43.081978
1511,TitleP66TX,41.570187
1512,TitleACX2I,43.829086
1513,TitleGIA9P,41.570187
1514,Title797F9,41.2633
1515,TitleAX69B,43.081978
1516,Title7GLBO,42.775093
1517,Title1CMC4,43.081978
1518,Title9T7UA,42.637264
1519,TitleMGDXO,42.775093
1520,TitleZD3D5,44.149055
1521,Title1H9P5,42.650436
1522,TitleW2581,41.570187
1523,TitleF698Q,41.570187
1524,TitleUPPES,41.570187
1525,Title7RFRU,43.46354
1526,Title47TZG,41.44402
1527,TitleGDWO6,42.258636
1528,TitleCP8LA,42.648926
1529,TitleQ6OK6,41.137135
1530,TitleHH40S,43.953743
1531,Title7U4FB,42.441956
1532,TitleZNY1X,43.081978
1533,TitleFOX2L,42.648926
1534,TitleBV2OI,41.44402
1535,Title6FDM3,42.648926
1536,TitleW9RRC,41.13864
1537,TitleQVDQ6,43.081978
1538,Title7AJXS,42.31729
1539,TitlePRD8L,42.637264
1540,TitleU6LVE,41.570187
1541,TitleQ94KP,43.64686
1542,TitleG7EA3,42.648926
1543,Title23V3R,41.012474
1544,TitleWH83M,41.137135
1545,TitleZT7IS,41.445526
1546,TitleE4LN6,42.95581
1547,TitleI1NZN,42.650436
1548,TitlePYUSE,43.081978
1549,TitleN43XI,42.31729
1550,TitleRMEXM,42.95732
1551,TitleMFQKI,41.44402
1552,TitleWD36X,43.829086
1553,TitleL6DQ8,41.31936
1554,TitleW8S9B,41.31936
1555,Title7QAV0,42.95581
1556,Title1BNP4,41.31936
1557,TitleW7NTM,42.95732
1558,Title7VCYO,43.081978
1559,TitleORDFV,43.64686
1560,TitleOTAI0,41.137135
1561,TitleGWTKF,42.95581
1562,Title6IWVE,41.445526
1563,Title6037P,41.13864
1564,Title49OUK,41.2633
1565,Title6QU1Q,41.44402
1566,TitleG8NXX,42.258636
1567,TitleHGNI5,41.137135
1568,TitleI15H7,41.445526
1569,TitleYTG6A,43.081978
1570,TitleZSJC8,43.64686
1571,Title3ZGDR,41.2633
1572,TitleR6M7G,43.081978
1573,TitleTUZMT,42.775093
1574,TitleHKIY4,42.52427
1575,TitleAV8ZD,43.953743
1576,TitleK1ZJK,42.648926
1577,TitleMAEQD,42.95581
1578,TitleVPKN4,43.953743
1579,Title2IRBG,41.2633
1580,TitleB5F4T,43.717514
1581,TitleZ9EFX,42.010406
1582,Title6ZEKF,42.775093
1583,Title07DWS,42.775093
1584,TitleU4JDP,43.081978
1585,Title6SHHD,41.44402
1586,TitleHBWI9,42.637264
1587,TitleGAIRZ,43.081978
1588,TitleIG32W,41.44402
1589,Title12SLE,42.441956
1590,TitlePGD0X,41.137135
1591,Title05KWT,43.64686
1592,TitleCVXCO,41.137135
1593,Title6N8EC,43.65885
1594,TitleIFI2W,42.441956
1595,TitleRNZAN,41.95175
1596,TitleSTP0N,41.44402
1597,Title353HB,41.570187
1598,Title6E9CF,41.31936
1599,TitleR3L72,42.831154
1600,TitleD2CSJ,41.012474
1601,TitleW9RDL,41.13864
1602,TitleR205P,41.31936
1603,TitleCT4IC,41.2633
1604,TitlePGH8X,42.648926
1605,TitleDM68Z,43.081978
1606,Title29DVL,41.137135
1607,TitleS90MD,44.149055
1608,Title2MII0,41.570187
1609,TitleUNRSP,42.650436
1610,TitleN3WKB,43.190285
1611,TitleV2E67,43.081978
1612,TitleFKWIR,41.012474
1613,TitleIK899,43.65885
1614,TitleV2CTC,42.13507
1615,Title34J4I,41.2633
1616,TitleUVKGI,43.953743
1617,Title92X93,41.44402
1618,Title5YS9U,41.570187
1619,TitleYVIJW,43.081978
1620,TitleF7578,41.44402
1621,TitleUH8ZZ,42.95581
1622,TitleIWBQZ,42.831154
1623,TitleWYPBG,41.137135
1624,TitleJMIYB,41.570187
1625,TitleXU1HX,42.0224
1626,TitleC3Z5W,42.648926
1627,TitleETMER,41.570187
1628,TitleHSBKJ,42.010406
1629,TitleYIQZ2,43.64686
1630,TitleW1ON9,43.829086
1631,TitleLP7PK,43.081978
1632,Title8VA0E,42.95732
1633,TitleBAWPB,42.775093
1634,TitlePQ1LB,43.5222
1635,Title9BRV6,41.44402
1636,TitleJUKA7,42.648926
1637,TitleQ65CJ,42.010406
1638,TitleBOJWQ,41.2633
1639,TitleU7RSC,42.650436
1640,TitleOWURI,41.137135
1641,TitleOE6AS,43.081978
1642,TitleMBBS1,42.95581
1643,TitleM1HKD,42.648926
1644,TitleGAVCJ,43.829086
1645,TitleE21NV,42.512604
1646,TitleEN056,41.570187
1647,TitleQRXCS,42.453945
1648,TitlePZTC6,43.829086
1649,Title5Y5W3,41.2633
1650,Title4CYVQ,43.65885
1651,TitleB6BI2,43.5222
1652,TitleW4TC6,41.445526
1653,TitleWIETD,42.441956
1654,TitleSKV0E,42.95581
1655,Title20EBE,43.64686
1656,Title6EPNM,41.13864
1657,TitleWM5AJ,41.13864
1658,TitleD41S4,43.953743
1659,TitleZOR84,42.637264
1660,TitleEABKA,42.650436
1661,TitleZLB8C,41.2633
1662,Title7R8KZ,43.081978
1663,TitleH8FIQ,42.31729
1664,TitleMKIM4,41.570187
1665,TitleQM62M,41.31936
1666,TitleEKK3G,42.14706
1667,TitleY22DA,42.14706
1668,TitleMKO4Z,41.2633
1669,TitleDCVTS,42.33038
1670,TitleCEYQC,42.441956
1671,TitleCDBOX,42.95581
1672,TitleEORA1,44.0244
1673,Title2BAIR,41.570187
1674,TitleT1XSZ,42.648926
1675,TitleHPQPB,42.95581
1676,Title876D6,43.829086
1677,TitleFL87W,43.953743
1678,TitleJFW2L,42.95581
1679,Title6ETEZ,41.44402
1680,TitleH1E78,43.64686
1681,TitleQYOJJ,43.64686
1682,TitleQL8HE,42.52427
1683,TitleZT3Q8,42.441956
1684,TitleTZWKL,43.84108
1685,Title7M6WY,41.2633
1686,TitleYM8T9,41.570187
1687,Title785GK,43.081978
1688,Title5N8TI,42.831154
1689,TitleUH7N5,42.95581
1690,TitleGG5O3,43.081978
1691,TitleKVU1H,42.31729
1692,TitleWK7OQ,44.149055
1693,TitleQ8GET,41.445526
1694,Title6QMQ2,42.13507
1695,TitleZRLPI,41.570187
1696,TitleHQOJX,43.46354
1697,TitleBWVPD,43.081978
1698,TitleBCHD2,42.14706
1699,Title64G3U,41.2633
1700,TitleW2FJH,42.831154
1701,TitleVC0G9,41.2633
1702,TitleP5UAW,41.31936
1703,TitleNZ29W,43.953743
1704,TitleJKOIP,41.44402
1705,TitleJW57A,43.84217
1706,TitleM9PH0,42.95581
1707,Title0KKRY,43.5222
1708,TitleCVUZS,42.258636
1709,Title6MQXH,41.137135
1710,Title63N52,44.0244
1711,Title9R4QJ,42.648926
1712,TitleTQAG6,41.012474
1713,Title4DYBD,42.95581
1714,Title0DGLT,43.081978
1715,TitleEDT5D,43.953743
1716,Title89EJJ,42.648926
1717,TitleQRHV4,42.95732
1718,TitleTL8TV,43.46354
1719,TitleJ5XQU,43.953743
1720,TitleXELRZ,43.64686
1721,Title65YIV,42.95581
1722,TitleZ56L4,41.570187
1723,TitleWJU2L,43.081978
1724,TitleSQI25,42.52427
1725,TitleCWV72,41.44402
1726,TitleHV0G3,42.648926
1727,TitleEWB0E,42.775093
1728,TitleG09TB,43.081978
1729,TitleSXKMN,41.137135
1730,TitleK6ZPA,42.95732
1731,TitleGE5XP,42.441956
1732,TitleYBVTC,41.31936
1733,Title26GJJ,43.65885
1734,TitleC8QVY,41.2633
1735,Title373LX,41.137135
1736,Title4BQM0,42.95581
1737,TitleKIH6U,42.13507
1738,TitleYNDC7,42.95581
1739,TitleV26B8,43.953743
1740,TitleT7E70,41.570187
1741,TitleBTM08,42.441956
1742,TitleED1WD,42.648926
1743,TitleCTHSR,43.64686
1744,TitleJYFJB,42.831154
1745,TitleIK2Y3,42.95581
1746,TitleAP6X5,42.775093
1747,TitleIMIXB,42.13507
1748,Title8AEMM,42.775093
1749,TitleH9JV2,42.441956
1750,TitleZRT1P,41.445526
1751,Title58T6W,42.95732
1752,TitleOSF13,42.775093
1753,TitleKCU06,42.95581
1754,TitleXY39W,41.44402
1755,TitleFJW2F,42.13507
1756,TitleYE2BG,42.95732
1757,Title29M36,42.441956
1758,TitleH04BX,43.770424
1759,TitleLZ8O6,42.648926
1760,Title7UF4N,41.570187
1761,Title4PV8C,42.775093
1762,TitleN08R7,42.637264
1763,TitleTND66,43.953743
1764,TitleQIO3U,42.637264
1765,Title3PDJ0,41.13864
1766,TitleEVNEJ,41.570187
1767,Title0JXLB,42.95581
1768,TitleSST1A,43.64686
1769,TitleW4RI9,41.137135
1770,TitleUCX3N,43.953743
1771,TitleEA9MG,42.831154
1772,TitleCNW0A,43.645767
1773,TitleRE4FM,42.453945
1774,Title2N282,41.012474
1775,TitleVR7UT,42.441956
1776,TitleUWZIY,41.137135
1777,Title3A64B,42.13507
1778,TitleRBCFJ,43.64686
1779,TitleNYTFH,42.31729
1780,TitleBGRFC,42.648926
1781,TitleWWJ6X,41.445526
1782,TitleNK350,42.453945
1783,Title1N1II,44.149055
1784,TitleM1UE9,43.65885
1785,TitleHYQT7,41.2633
1786,TitleG814W,42.775093
1787,TitleB0PMY,41.2633
1788,TitleBBUFI,42.775093
1789,TitleG5VSK,41.44402
1790,Title5RUV3,42.775093
1791,TitleSEV42,42.31729
1792,Title438K1,42.648926
1793,TitleUZ3DI,42.14706
1794,TitleHT479,41.570187
1795,TitleKBBTU,42.831154
1796,TitleEV9GF,41.570187
1797,TitleKRMRZ,44.0244
1798,TitleBB3E1,41.2633
1799,TitleC6G9C,42.648926
1800,TitleVBED8,42.648926
1801,TitleBICN0,41.44402
1802,TitleIOVVV,42.648926
1803,TitleQRU5M,41.31936
1804,TitleL5J9W,41.13864
1805,TitleKAYDU,41.2633
1806,TitleS74OE,42.95581
1807,Title7X8D0,41.445526
1808,Title4TXOJ,41.570187
1809,TitleAI24X,42.637264
1810,Title7WRG6,42.648926
1811,Title2BHH1,43.770424
1812,Title5Q95N,41.44402
1813,Title31YAI,41.570187
1814,TitleJ2D0S,42.258636
1815,TitleATXPL,41.570187
1816,TitleT46RS,41.445526
1817,TitleX7JJE,42.648926
1818,TitleS1BAY,42.13507
1819,TitleAELWU,43.953743
1820,TitleSYDI4,41.570187
1821,TitleQVPSC,42.441956
1822,TitleQSNGK,42.52427
1823,TitleJZOKZ,42.52427
1824,TitleDJ0MS,43.081978
1825,TitleMTTRN,41.137135
1826,Title8E50X,43.717514
1827,Title1EW9T,41.44402
1828,TitleUQVUM,42.95581
1829,TitleWVYG8,42.775093
1830,TitleHTUKM,43.64686
1831,TitleIYOUQ,41.44402
1832,Title11T9M,41.012474
1833,TitleBSUA5,42.775093
1834,Title1QXPN,43.5222
1835,Title1NYOF,42.831154
1836,TitleIHHFR,42.13507
1837,TitleQYFNT,42.775093
1838,TitleVH335,41.012474
1839,Title1PTQJ,41.012474
1840,TitleQEZ5P,42.648926
1841,TitleCVH6V,42.33038
1842,TitleTC6OH,42.95732
1843,Title6R7VX,43.953743
1844,TitleMYCRA,41.570187
1845,TitleITC20,42.13507
1846,TitleCY245,41.570187
1847,TitleO09DL,41.137135
1848,TitleZQGIB,41.445526
1849,TitleJS6ZB,42.831154
1850,Title0GRHA,42.441956
1851,TitleGQJU7,41.2633
1852,Title3XO7D,43.64686
1853,TitleKZCMH,41.31936
1854,TitleUDKQ1,41.31936
1855,TitleIPVDH,42.441956
1856,TitlePF3W3,42.648926
1857,TitleCLRD7,41.44402
1858,Title8UJDQ,41.95175
1859,Title5DNSM,41.570187
1860,TitleO56F5,41.570187
1861,Title2K05N,44.149055
1862,TitleHQL6Q,42.95581
1863,TitlePOL75,41.570187
1864,TitleH149Z,41.2633
1865,TitleGPKAD,42.441956
1866,Title7QHF1,42.637264
1867,TitleK52R1,40.51484
1868,TitleGBD4N,43.953743
1869,TitleUWIF4,42.775093
1870,TitleK650G,41.2633
1871,Title2J3RP,42.637264
1872,TitleFM63F,41.137135
1873,Title2H7IY,42.775093
1874,Title1LVHT,37.73603
1875,TitleD9415,42.441956
1876,TitleI4YA3,41.44402
1877,TitleZGBPH,43.953743
1878,TitleEX9NJ,43.829086
1879,TitleGADOR,42.441956
1880,TitleA63P3,42.775093
1881,Title45VUD,41.95175
1882,Title5NV8S,41.44402
1883,Title3V1YD,42.95581
1884,TitleSALYL,42.95581
1885,TitleGFAC5,42.14706
1886,Title089HE,41.44402
1887,TitleDL9GJ,43.770424
1888,TitleUHTM4,42.95581
1889,TitleT6597,42.512604
1890,Title4JXJP,41.44402
1891,Title10CGL,43.84217
1892,TitleR230U,42.441956
1893,Title0XBLE,44.149055
1894,TitleRTKQ1,41.44402
1895,TitleCB5C1,42.258636
1896,TitleIG6QE,41.44402
1897,Title3Q3HJ,41.570187
1898,TitleVC5GO,42.453945
1899,Title9MRRH,43.081978
1900,Title6KYB0,43.953743
1901,TitleNPO27,42.95581
1902,Title2L8OW,42.512604
1903,Title5UTR7,41.137135
1904,TitleDXK1W,41.012474
1905,TitleOLE7C,43.64686
1906,TitleXL6Z6,42.441956
1907,TitleCAA9S,42.95732
1908,TitleS1Y5O,42.441956
1909,TitleXMATD,42.52427
1910,TitleKWA72,44.0244
1911,TitleENUVN,41.31936
1912,TitleBW1EW,41.31936
1913,TitleHQ967,43.65885
1914,TitleVGANC,41.570187
1915,TitleOTR0Z,43.081978
1916,TitleS7HU7,42.775093
1917,TitleNQJH0,43.64686
1918,Title8HXM3,42.33038
1919,Title61N9H,42.95581
1920,Title8FDTI,43.645767
1921,Title3FCY5,41.445526
1922,TitleOLVPE,43.84217
1923,TitleWFDXU,42.453945
1924,Title0YDK4,41.445526
1925,TitleBM1J1,41.44402
1926,Title4NNTJ,42.95581
1927,TitleLN5S1,41.2633
1928,TitleD2ASQ,42.648926
1929,TitleA5VUC,44.149055
1930,TitleZ9MGC,43.081978
1931,TitleU5YAN,42.441956
1932,TitleLEEH4,42.441956
1933,Title3DN74,42.775093
1934,TitleB4YP4,42.775093
1935,TitleTH53P,41.137135
1936,Title0RM9L,41.31936
1937,TitleGRMFX,42.95732
1938,TitleU4J6Y,41.012474
1939,TitleHKMEL,43.5222
1940,TitleSHH1C,42.8834
1941,TitleKEFUI,42.95581
1942,TitleWMLN5,43.953743
1943,TitleOMMTU,42.31729
1944,Title2Q1A9,43.953743
1945,TitleMJDL6,41.2633
1946,TitleILV1L,42.13507
1947,TitleQMD0X,41.137135
1948,TitleQ9EJZ,41.2633
1949,Title3G91J,42.650436
1950,Title7CL9L,42.52427
1951,Title4RL5S,42.31729
1952,TitleRBS9E,43.84217
1953,TitleA05R3,42.648926
1954,Title22SSR,41.44402
1955,Title80TYK,41.44402
1956,TitleA40GC,43.953743
1957,TitleIRIEQ,43.953743
1958,Title8NPO9,41.012474
1959,TitleJZ2NF,41.31936
1960,TitleSLJPK,41.44402
1961,TitleNH5I5,41.31936
1962,Title7O3R2,42.637264
1963,TitleBIYMP,43.081978
1964,TitleVZIP5,41.95175
1965,TitleG7BX1,41.31936
1966,TitleO6Z5U,43.84217
1967,TitleWOXPP,42.33038
1968,Title1S5QW,42.648926
1969,TitleXFWI1,42.95581
1970,TitleK6XN7,42.775093
1971,TitleJNMG2,42.648926
1972,Title4YBEE,42.775093
1973,TitleBPK6B,41.827087
1974,Title690RK,42.133972
1975,TitleZNXDK,43.953743
1976,TitleQPIVB,44.0244
1977,TitleD4B9D,42.52427
1978,TitleIUTZC,42.441956
1979,TitleDXXBE,43.953743
1980,TitleXEU8K,41.570187
1981,Title435A8,42.258636
1982,TitleEMEG7,42.650436
1983,TitleIOC2Z,41.137135
1984,TitleQOEH4,42.775093
1985,TitleI6R8T,41.137135
1986,TitleLWAMH,42.512604
1987,TitleVQIJP,42.95581
1988,TitleQJVOB,41.570187
1989,TitleJTUG8,42.648926
1990,TitlePCJK5,41.137135
1991,TitleW6NUX,43.338882
1992,TitleH0MK9,41.827087
1993,TitleCITBB,41.445526
1994,Title3TTX6,42.95581
1995,TitleSNG6L,42.95581
1996,Title9QPAT,40.412453
1997,TitleJE4ED,42.52427
1998,TitleMONPH,41.44402
1999,TitleUHCL9,41.44402
2000,TitleT5N6V,41.2633
2001,TitleL9VTS,42.95581
2002,TitleITQGT,43.64686
2003,TitleYDA9K,43.081978
2004,TitleVV5L7,41.570187
2005,TitleZOQA6,42.441956
2006,Title0R5AG,43.081978
2007,Title1NE07,42.95581
2008,TitleHQ1DR,42.52427
2009,TitleV70ZI,43.081978
2010,TitleMT4BN,43.081978
2011,TitleGAVYD,41.570187
2012,TitleVZFNB,42.95581
2013,TitlePCTNX,41.137135
2014,TitleV6H0Y,42.831154
2015,Title2EI06,42.648926
2016,Title1U117,41.137135
2017,TitleXIDEN,43.081978
2018,TitleF8RSB,42.775093
2019,TitleS8K8L,43.953743
2020,TitleB8JEX,41.44402
2021,TitleRXSOT,41.2633
2022,TitleJK7I2,41.137135
2023,Title44YUQ,42.31729
2024,TitleD53TZ,41.137135
2025,TitlePJHNR,41.570187
2026,TitleEOHQM,41.2633
2027,TitleI1NT0,43.64686
2028,TitleP3NUG,42.95581
2029,TitleUQFC9,43.081978
2030,TitleAMI78,42.52427
2031,TitlePFTQR,42.52427
2032,TitleR3I65,42.648926
2033,TitleUQKH9,43.770424
2034,TitleCR7TX,42.637264
2035,TitleGNZ9A,41.570187
2036,TitleC7BSE,43.081978
2037,TitleSF3JL,43.081978
2038,TitleXX9NB,41.44402
2039,TitleR662H,42.95581
2040,TitleTE3RE,42.650436
2041,Title6U3L5,42.20572
2042,TitleXXWWU,43.717514
2043,TitleY7CAH,42.648926
2044,Title2ENFB,41.95175
2045,TitleH7AWM,42.775093
2046,TitleGSR96,43.64686
2047,TitleA974Y,43.829086
2048,TitleKRD9S,42.648926
2049,TitleIC1XX,41.44402
2050,TitleHF4BN,42.133972
2051,TitleSKPGV,42.441956
2052,TitleN8ORD,41.012474
2053,TitleRULS9,41.2633
2054,TitleX989N,42.648926
2055,TitleLCQ2F,43.704147
2056,TitleODWHI,42.775093
2057,TitleWMB1Z,41.44402
2058,TitleIAMBX,41.31936
2059,TitleMW5XJ,42.441956
2060,TitleUFI52,43.64686
2061,TitleYNEJ5,41.44402
2062,TitleTHPVI,43.081978
2063,TitleXKJI4,42.775093
2064,Title4FAJZ,42.512604
2065,TitleL1LU4,42.95581
2066,TitleT3T7L,41.44402
2067,Title9PWUT,43.64686
2068,TitleGPI1Y,41.137135
2069,TitleJGSGL,41.31936
2070,TitleJTFJF,41.445526
2071,TitleQAY87,41.2633
2072,TitleVZQ1Z,41.570187
2073,TitleBJVZH,42.775093
2074,TitleWGVF6,43.770424
2075,Title84262,42.258636
2076,TitleS708T,41.137135
2077,Title5Y3QW,43.64686
2078,TitleGJ5D5,42.648926
2079,TitleG472T,41.137135
2080,TitleJT36Q,41.445526
2081,TitleGR2WP,41.570187
2082,Title5FQID,41.827087
2083,Title2D482,42.13507
2084,TitleN5G1W,42.441956
2085,TitleVQ2HA,42.650436
2086,TitleU5Q5B,43.081978
2087,TitleL6V9A,43.953743
2088,Title2R8VU,43.64686
2089,Title7HCNJ,43.081978
2090,TitleCD5YZ,41.44402
2091,Title8OKXL,41.31936
2092,TitleHFQT8,41.570187
